customer_id,customer_type,lifetime_value,churn,support_tickets,retention_days
1522,Startup,2349.4,0,2,429
1738,Startup,2000.55,0,1,308
1741,Startup,2359.89,0,1,355
1661,Startup,1644.69,0,3,363
1412,SMB,9454.93,0,1,257
1679,Startup,1630.02,0,1,419
1627,Startup,1695.52,0,3,296
1514,Startup,2430.42,0,1,422
1860,Startup,1809.0,0,1,337
1137,SMB,6773.95,0,3,275
1812,Startup,2513.8,0,1,396
1077,SMB,4521.83,0,1,279
1637,Startup,1424.57,0,2,415
1974,Startup,2301.38,0,2,436
1939,Startup,2452.29,0,3,372
1900,Startup,1463.92,0,0,385
1281,SMB,8418.84,0,1,243
1884,Startup,1788.03,0,2,393
1762,Startup,2041.35,0,3,391
1320,SMB,7670.38,0,0,243
1550,Startup,1852.36,0,4,295
1175,SMB,8496.58,0,4,268
1372,SMB,9251.65,0,0,324
1528,Startup,2037.61,0,3,400
1211,SMB,8683.96,0,4,287
1236,SMB,5660.41,0,0,206
1102,SMB,9419.67,0,3,267
1987,Startup,2363.07,0,2,360
1903,Startup,1950.34,0,0,388
1948,Startup,2326.32,0,3,299
1347,SMB,8812.56,0,4,325
1140,SMB,8035.64,0,4,246
1622,Startup,1930.73,1,2,343
1500,Startup,1984.15,0,3,440
1371,SMB,7372.69,0,1,249
1199,SMB,7252.03,0,1,289
1688,Startup,1785.49,0,2,294
1585,Startup,2253.96,0,2,400
1902,Startup,2385.98,0,0,497
1060,SMB,7624.99,0,4,273
1329,SMB,10429.85,0,3,332
1097,SMB,7736.76,0,1,242
1313,SMB,8109.85,1,2,287
1975,Startup,2029.05,0,4,384
1300,SMB,8082.66,1,1,361
1278,SMB,9301.85,0,1,259
1925,Startup,2045.56,0,2,327
1602,Startup,2239.75,0,1,405
1440,SMB,7341.1,1,2,255
1838,Startup,2624.23,0,2,324
1571,Startup,2333.88,0,0,333
1880,Startup,2015.99,0,1,303
1262,SMB,7614.46,1,2,301
1579,Startup,1880.69,0,0,357
1024,Enterprise,128628.78,0,1,587
1031,Enterprise,140974.4,0,1,586
1618,Startup,1946.69,0,2,293
1011,Enterprise,143048.73,0,0,613
1222,SMB,6708.88,0,4,299
1821,Startup,1916.81,0,2,360
1297,SMB,8840.53,0,2,323
1055,SMB,8340.62,0,1,240
1543,Startup,2321.42,0,0,328
1210,SMB,8643.8,0,1,347
1605,Startup,1950.06,0,3,355
1693,Startup,2020.25,0,3,347
1663,Startup,2510.81,0,2,437
1867,Startup,2145.33,1,4,431
1071,SMB,7260.38,0,2,169
1544,Startup,2606.01,0,3,335
1108,SMB,6628.41,0,3,237
1494,Startup,1873.72,0,3,396
1591,Startup,1503.58,0,0,303
1742,Startup,1934.4,0,1,373
1293,SMB,9051.78,0,2,320
1290,SMB,7369.59,0,4,226
1653,Startup,2162.55,0,5,448
1040,Enterprise,152952.92,0,1,642
1590,Startup,1906.24,0,0,401
1308,SMB,7344.89,1,3,381
1680,Startup,2198.22,0,0,382
1067,SMB,9596.14,0,3,281
1276,SMB,8204.61,0,3,295
1068,SMB,8601.05,0,1,277
1319,SMB,9349.7,0,2,307
1549,Startup,2530.63,0,3,242
1999,Startup,1420.35,0,2,339
1715,Startup,1785.64,0,3,398
1754,Startup,1866.13,0,1,391
1328,SMB,6999.38,0,1,236
1383,SMB,7205.7,0,3,282
1452,Startup,1915.15,0,3,417
1523,Startup,2201.22,0,0,429
1219,SMB,7557.57,0,0,201
1788,Startup,2145.46,0,3,361
1437,SMB,7203.05,0,3,337
1765,Startup,2151.62,0,3,364
1089,SMB,8054.07,0,6,306
1064,SMB,9911.53,1,0,242
1827,Startup,1934.98,0,3,358
1717,Startup,2248.74,0,5,325
1352,SMB,8623.4,0,5,296
1937,Startup,1932.3,0,4,318
1257,SMB,10257.2,0,2,285
1636,Startup,1885.93,0,1,424
1645,Startup,1572.09,0,1,359
1555,Startup,1938.06,0,4,348
1960,Startup,1932.58,0,1,315
1169,SMB,6476.92,0,0,274
1918,Startup,1831.52,0,3,358
1529,Startup,2348.42,0,0,284
1824,Startup,2375.44,0,1,361
1986,Startup,2020.98,0,1,389
1817,Startup,1637.29,0,3,296
1087,SMB,8233.47,0,2,365
1433,SMB,6954.09,0,4,350
1185,SMB,6253.84,0,3,305
1979,Startup,1479.85,0,1,290
1535,Startup,2364.44,0,3,358
1295,SMB,7934.52,1,2,359
1893,Startup,2120.99,0,2,397
1426,SMB,6280.46,0,4,311
1714,Startup,1644.83,0,2,334
1261,SMB,5427.07,0,0,322
1238,SMB,9432.48,0,5,239
1560,Startup,2164.79,0,1,356
1584,Startup,2399.26,0,1,312
1446,SMB,8689.04,0,3,336
1868,Startup,2138.5,0,6,312
1801,Startup,1487.78,0,1,419
1600,Startup,2078.38,0,0,347
1850,Startup,2195.96,0,3,399
1266,SMB,9567.59,0,1,253
1996,Startup,1767.49,0,4,416
1530,Startup,1756.62,0,0,416
1056,SMB,7986.22,0,2,285
1121,SMB,6634.34,0,1,277
1216,SMB,8497.29,1,4,235
1026,Enterprise,151663.84,0,0,861
1073,SMB,7151.48,0,3,280
1045,Enterprise,127822.17,0,0,614
1248,SMB,8720.77,0,3,253
1722,Startup,2267.0,0,3,271
1282,SMB,7610.71,0,0,249
1894,Startup,2128.29,0,1,352
1915,Startup,2411.12,0,1,355
1811,Startup,2068.79,0,1,291
1245,SMB,8479.58,0,0,289
1823,Startup,2255.65,0,3,394
1322,SMB,5875.9,0,2,290
1644,Startup,2005.41,0,2,242
1159,SMB,7650.22,0,2,344
1978,Startup,1977.69,0,2,372
1430,SMB,6951.17,0,6,332
1942,Startup,1646.36,0,2,294
1463,Startup,1656.72,0,2,302
1310,SMB,8014.21,0,1,261
1698,Startup,2358.54,0,2,358
1061,SMB,7305.85,0,2,273
1885,Startup,2080.0,0,3,256
1596,Startup,2333.87,1,0,391
1768,Startup,1561.33,0,1,423
1650,Startup,1881.86,1,4,430
1651,Startup,1644.24,0,1,348
1866,Startup,1609.6,0,3,346
1669,Startup,1918.06,0,1,359
1299,SMB,7556.52,0,1,301
1690,Startup,1870.88,0,2,207
1315,SMB,7421.69,0,3,334
1311,SMB,10276.65,0,1,286
1362,SMB,8958.25,0,2,306
1480,Startup,1634.86,1,2,333
1111,SMB,10341.98,0,2,257
1990,Startup,2196.51,0,3,284
1487,Startup,2255.19,0,1,423
1364,SMB,8747.98,1,2,217
1255,SMB,5755.2,0,4,275
1260,SMB,8182.24,0,0,238
1803,Startup,1918.95,0,2,347
1678,Startup,2805.4,0,3,320
1495,Startup,2332.5,0,0,255
1671,Startup,1842.15,0,5,335
1378,SMB,8333.64,1,3,294
1527,Startup,1787.81,0,1,335
1846,Startup,1909.51,0,2,291
1138,SMB,8041.67,0,1,338
1356,SMB,7099.47,0,1,233
1366,SMB,7492.56,0,2,335
1943,Startup,2404.0,0,1,329
1750,Startup,1853.85,0,1,334
1949,Startup,2133.05,0,3,396
1830,Startup,2151.91,0,0,188
1657,Startup,1875.76,0,3,341
1200,SMB,5861.2,0,2,297
1214,SMB,7810.79,0,4,261
1409,SMB,7676.73,0,1,270
1333,SMB,7643.47,0,1,326
1209,SMB,8451.52,0,3,309
1614,Startup,1854.61,0,3,371
1079,SMB,7482.09,0,3,226
1030,Enterprise,145624.59,0,2,804
1536,Startup,1820.73,0,1,273
1696,Startup,1701.19,0,2,447
1558,Startup,2042.35,0,0,374
1837,Startup,2127.0,0,0,399
1597,Startup,1757.77,0,1,354
1166,SMB,9646.95,0,2,308
1919,Startup,2596.96,0,2,367
1496,Startup,2179.03,0,2,318
1825,Startup,2572.83,0,2,234
1066,SMB,8193.28,0,1,230
1142,SMB,8069.01,0,3,244
1926,Startup,2376.44,0,2,305
1828,Startup,2257.79,0,3,424
1656,Startup,2204.51,0,3,346
1332,SMB,4431.79,1,3,282
1665,Startup,1002.57,0,2,363
1250,SMB,7574.68,0,1,266
1908,Startup,1912.32,0,4,411
1709,Startup,2088.86,0,2,373
1306,SMB,8905.89,0,6,286
1735,Startup,2006.38,1,2,303
1976,Startup,1848.85,0,1,332
1050,Enterprise,123554.4,0,1,764
1897,Startup,1860.43,0,2,242
1003,Enterprise,159715.33,0,2,843
1545,Startup,2290.03,0,2,406
1351,SMB,8861.97,0,1,244
1905,Startup,1886.89,0,2,423
1537,Startup,1456.39,0,2,382
1345,SMB,10571.37,1,2,272
1995,Startup,2203.21,1,1,454
1482,Startup,2279.97,0,2,239
1576,Startup,1693.41,0,3,421
1034,Enterprise,134134.34,0,0,752
1032,Enterprise,177784.17,0,0,577
1232,SMB,9510.8,0,4,263
1964,Startup,1847.82,0,1,368
1193,SMB,7786.53,0,2,214
1334,SMB,8238.3,0,0,326
1004,Enterprise,172845.45,0,0,801
1205,SMB,10389.88,0,1,243
1515,Startup,1861.98,0,2,328
1800,Startup,1664.77,0,2,365
1307,SMB,7327.53,1,1,253
1110,SMB,5937.47,0,2,327
1431,SMB,5880.64,0,2,272
1078,SMB,7731.74,0,5,296
1085,SMB,9149.62,0,1,243
1287,SMB,9397.16,0,1,269
1083,SMB,9396.79,0,1,324
1992,Startup,1835.38,0,0,348
1790,Startup,2002.96,0,2,397
1895,Startup,1531.59,0,2,422
1399,SMB,7438.63,0,1,246
1324,SMB,9465.39,0,3,316
1520,Startup,2020.07,0,1,380
1917,Startup,2439.34,0,1,370
1923,Startup,1910.42,0,1,292
1006,Enterprise,146487.95,0,1,621
1732,Startup,1667.0,1,1,328
1466,Startup,2457.86,0,3,392
1098,SMB,8534.81,0,1,324
1267,SMB,6822.21,0,2,292
1358,SMB,7284.02,0,3,245
1869,Startup,1762.34,0,4,393
1799,Startup,2190.63,0,5,313
1381,SMB,9701.43,0,2,337
1632,Startup,1658.43,0,0,306
1382,SMB,8087.7,0,0,289
1491,Startup,2066.68,0,3,286
1119,SMB,8467.78,0,1,241
1901,Startup,2347.2,0,2,218
1251,SMB,7948.24,0,1,315
1524,Startup,1912.32,0,1,389
1010,Enterprise,158138.4,0,0,956
1197,SMB,8881.93,0,3,237
1604,Startup,1897.67,0,0,307
1082,SMB,10539.26,0,1,259
1784,Startup,1653.59,0,3,385
1588,Startup,2918.58,0,0,343
1798,Startup,2209.7,0,1,301
1240,SMB,7119.14,0,4,267
1291,SMB,7084.76,0,4,244
1212,SMB,7855.48,0,0,317
1718,Startup,1991.8,0,1,449
1360,SMB,8466.78,0,1,277
1450,SMB,9028.64,0,3,289
1228,SMB,7601.63,0,1,254
1951,Startup,1785.49,0,1,338
1947,Startup,2384.71,1,1,268
1797,Startup,2169.83,0,3,367
1502,Startup,2331.52,0,1,333
1465,Startup,2322.27,0,4,370
1363,SMB,8227.26,0,3,270
1469,Startup,2045.26,0,2,341
1936,Startup,1470.62,0,3,334
1429,SMB,8374.59,0,4,157
1008,Enterprise,161511.52,0,0,568
1156,SMB,6708.96,0,0,286
1542,Startup,2188.92,0,2,308
1441,SMB,8663.74,0,3,278
1483,Startup,1810.91,0,2,372
1423,SMB,7950.19,1,4,242
1779,Startup,1967.42,0,1,446
1950,Startup,1654.44,0,1,392
1335,SMB,7432.28,0,2,279
1577,Startup,1638.2,0,1,285
1935,Startup,2201.88,1,2,394
1568,Startup,1951.89,0,1,378
1595,Startup,1478.28,0,1,379
1531,Startup,2110.58,0,2,295
1582,Startup,2142.11,0,1,411
1708,Startup,2161.68,0,3,309
1449,SMB,9354.85,0,0,315
1454,Startup,2290.4,0,1,378
1229,SMB,8250.19,0,1,272
1353,SMB,8013.0,0,2,280
1729,Startup,2351.5,0,1,406
1213,SMB,8668.1,0,3,192
1080,SMB,8892.83,0,6,285
1149,SMB,8471.83,0,2,330
1303,SMB,6805.73,0,5,240
1629,Startup,1885.54,0,1,329
1778,Startup,1616.19,0,4,333
1507,Startup,1542.22,0,2,297
1343,SMB,7229.48,0,4,291
1486,Startup,1793.78,0,0,397
1712,Startup,2206.67,0,2,344
1134,SMB,7726.39,0,3,208
1704,Startup,1706.65,0,1,393
1312,SMB,6370.7,0,3,281
1723,Startup,2477.31,0,1,385
1630,Startup,1825.96,1,1,404
1001,Enterprise,157450.71,0,0,716
1317,SMB,7129.14,0,5,341
1707,Startup,1891.81,1,0,342
1548,Startup,2526.43,0,2,418
1873,Startup,2100.82,0,3,314
1533,Startup,1970.8,0,2,314
1478,Startup,2332.98,0,2,314
1405,SMB,8711.62,0,4,198
1173,SMB,7988.77,0,3,233
1126,SMB,7923.24,0,8,320
1395,SMB,7240.36,0,1,312
1421,SMB,8519.87,0,3,308
1553,Startup,2211.09,1,1,274
1904,Startup,1796.18,0,1,368
1091,SMB,8823.35,1,1,227
1940,Startup,1792.35,0,3,394
1182,SMB,7925.49,0,6,290
1275,SMB,7124.47,0,6,305
1896,Startup,2413.95,0,1,388
1070,SMB,9355.97,0,4,218
1292,SMB,8246.1,0,4,310
1132,SMB,7181.32,0,4,292
1301,SMB,7809.09,1,2,295
1425,SMB,8297.76,0,2,317
1327,SMB,9039.99,0,4,298
1145,SMB,9780.73,0,3,374
1424,SMB,6880.89,0,2,276
1581,Startup,2285.78,0,1,369
1136,SMB,7802.78,0,7,351
1451,Startup,2528.51,0,2,386
1165,SMB,8401.56,0,0,352
1029,Enterprise,140990.42,0,1,748
1774,Startup,1705.7,1,2,343
1194,SMB,8138.51,0,5,270
1389,SMB,8297.31,0,1,426
1853,Startup,2128.87,0,3,284
1170,SMB,6864.13,0,3,212
1706,Startup,1796.95,0,0,476
1141,SMB,8799.69,0,1,233
1174,SMB,6362.01,0,2,306
1007,Enterprise,173688.19,0,0,871
1746,Startup,1731.95,0,1,349
1479,Startup,1972.28,0,1,365
1074,SMB,7063.75,0,7,286
1911,Startup,2004.27,0,2,334
1814,Startup,1444.81,0,1,380
1239,SMB,9214.72,0,3,321
1146,SMB,8252.48,0,6,299
1793,Startup,2247.42,1,2,360
1235,SMB,8686.83,0,2,272
1221,SMB,8653.4,0,2,287
1924,Startup,2082.21,0,3,372
1501,Startup,1573.4,1,3,333
1133,SMB,7374.76,0,2,187
1991,Startup,2190.7,0,4,391
1775,Startup,2297.38,0,3,355
1186,SMB,10616.7,0,1,244
1042,Enterprise,152570.52,0,0,771
1697,Startup,1840.31,0,3,284
1109,SMB,8485.09,1,0,209
1589,Startup,1669.05,0,5,348
1057,SMB,9372.38,0,4,233
1406,SMB,6667.26,1,3,350
1443,SMB,7131.39,0,4,255
1758,Startup,2034.16,0,2,333
1998,Startup,1802.75,0,2,287
1025,Enterprise,141834.26,0,0,744
1468,Startup,2158.65,0,1,254
1540,Startup,2207.56,1,3,360
1532,Startup,2094.72,0,2,375
1619,Startup,1802.12,0,2,438
1695,Startup,1894.99,0,3,394
1927,Startup,1930.36,0,2,287
1339,SMB,8063.63,0,1,250
1052,SMB,8189.58,0,1,330
1508,Startup,2185.36,0,0,288
1517,Startup,1900.21,0,1,405
1921,Startup,2487.91,0,2,526
1782,Startup,1624.59,0,2,357
1265,SMB,8718.1,0,6,292
1818,Startup,1928.5,0,2,346
1711,Startup,2406.21,0,0,440
1683,Startup,1732.3,0,1,380
1833,Startup,1691.57,0,1,268
1519,Startup,1838.59,0,0,365
1448,SMB,9367.99,0,4,259
1019,Enterprise,136379.64,0,0,620
1716,Startup,1921.49,0,1,351
1484,Startup,1697.58,0,2,329
1569,Startup,2000.41,1,2,378
1434,SMB,6219.44,1,5,382
1368,SMB,7903.17,0,4,346
1084,SMB,7610.09,0,3,260
1062,SMB,8109.86,0,1,310
1639,Startup,2405.61,0,0,335
1273,SMB,8867.85,0,3,269
1286,SMB,6641.29,1,0,223
1361,SMB,9367.37,0,1,281
1355,SMB,6306.73,0,4,347
1457,Startup,2080.56,0,2,353
1279,SMB,7372.58,0,5,268
1013,Enterprise,153629.43,0,2,730
1183,SMB,8566.34,1,3,342
1369,SMB,7524.47,1,3,324
1882,Startup,2149.73,0,3,295
1616,Startup,2092.54,0,1,329
1224,SMB,8608.11,0,3,284
1573,Startup,1606.5,0,1,386
1971,Startup,1945.27,0,3,449
1654,Startup,2492.35,0,2,430
1546,Startup,2099.17,0,3,450
1583,Startup,2156.92,0,1,387
1634,Startup,2099.62,0,1,402
1177,SMB,7793.76,0,4,246
1666,Startup,1559.32,0,4,343
1674,Startup,2103.48,0,3,401
1586,Startup,2149.93,1,2,325
1874,Startup,2587.15,0,2,359
1394,SMB,8126.79,0,2,251
1164,SMB,7375.98,0,2,312
1249,SMB,7647.88,1,1,319
1635,Startup,2264.36,0,2,349
1886,Startup,1727.9,0,5,365
1670,Startup,2316.33,0,1,354
1376,SMB,7024.02,0,4,297
1413,SMB,8371.59,0,2,220
1075,SMB,8333.17,0,3,288
1114,SMB,7187.04,0,6,348
1599,Startup,2279.47,1,2,382
1962,Startup,2103.31,0,4,431
1391,SMB,8950.18,0,1,374
1105,SMB,6476.84,1,1,301
1115,SMB,8560.23,0,3,286
1418,SMB,8432.31,0,0,283
1526,Startup,2193.39,0,0,387
1458,Startup,2453.9,0,2,339
1410,SMB,9143.07,1,1,233
1093,SMB,8251.19,0,4,293
1931,Startup,2196.4,1,3,413
1090,SMB,8240.35,0,4,258
1337,SMB,7171.34,1,2,209
1989,Startup,1822.75,0,0,413
1922,Startup,1849.21,0,0,433
1934,Startup,1200.7,0,1,385
1606,Startup,2063.56,0,1,343
1594,Startup,2229.58,0,3,327
1612,Startup,1963.97,0,1,452
1095,SMB,5970.77,0,3,306
1012,Enterprise,143014.05,0,0,658
1397,SMB,7931.02,0,6,202
1534,Startup,1848.86,0,3,389
1044,Enterprise,145483.44,0,1,790
1043,Enterprise,148265.28,0,2,591
1330,SMB,9949.73,0,0,242
1168,SMB,9986.14,0,4,313
1498,Startup,1670.43,0,0,365
1877,Startup,1655.8,1,2,364
1598,Startup,1955.3,0,4,356
1757,Startup,2222.86,0,1,435
1101,SMB,7805.33,0,0,352
1427,SMB,8283.56,0,1,324
1179,SMB,8797.48,0,2,328
1445,SMB,9284.53,1,1,314
1417,SMB,8230.49,0,2,261
1871,Startup,2123.23,1,1,351
1883,Startup,1959.56,0,2,391
1681,Startup,1371.0,1,3,276
1178,SMB,5722.05,0,7,260
1396,SMB,7996.65,0,4,219
1912,Startup,1527.09,0,2,315
1794,Startup,2244.8,1,0,382
1961,Startup,1660.2,0,2,332
1685,Startup,1612.54,0,3,323
1384,SMB,9620.77,0,0,224
1957,Startup,2448.83,0,1,333
1752,Startup,1815.51,0,1,281
1258,SMB,7066.36,0,4,265
1539,Startup,1639.61,0,1,407
1336,SMB,7778.48,0,4,312
1016,Enterprise,141565.69,0,1,727
1325,SMB,8303.11,0,5,317
1759,Startup,1808.0,0,3,411
1223,SMB,7725.96,0,2,310
1180,SMB,8145.2,0,3,291
1984,Startup,2234.02,0,1,420
1023,Enterprise,151012.92,0,0,807
1357,SMB,8230.94,0,2,292
1667,Startup,1872.67,1,2,421
1862,Startup,1744.59,0,2,256
1341,SMB,9222.2,0,5,307
1432,SMB,7649.13,0,5,307
1552,Startup,1834.04,0,1,286
1834,Startup,1970.86,1,0,307
1204,SMB,6987.38,0,6,319
1631,Startup,2410.78,0,2,371
1094,SMB,7546.2,0,1,264
1559,Startup,2335.54,0,1,395
1069,SMB,7355.72,0,2,221
1623,Startup,1489.34,0,2,403
1285,SMB,8537.77,0,4,215
1845,Startup,2038.85,0,2,351
1435,SMB,8767.98,0,1,252
1154,SMB,7511.23,0,4,219
1076,SMB,7742.1,0,1,247
1731,Startup,1820.19,1,1,347
1447,SMB,8837.7,1,1,342
1189,SMB,8640.58,0,2,289
1272,SMB,8212.66,0,0,330
1237,SMB,5710.94,0,1,279
1488,Startup,1952.98,0,2,345
1118,SMB,7764.68,1,1,278
1944,Startup,1857.7,0,0,353
1513,Startup,1715.17,0,0,405
1826,Startup,2242.97,0,0,402
1592,Startup,2161.64,0,1,465
1127,SMB,9682.93,0,2,367
1117,SMB,8997.12,0,1,258
1474,Startup,2432.52,0,0,411
1694,Startup,2133.53,0,2,435
1058,SMB,7322.21,0,4,284
1864,Startup,1980.6,0,1,316
1913,Startup,2106.06,0,2,322
1370,SMB,9015.69,0,5,266
1269,SMB,6320.54,0,4,301
1047,Enterprise,143090.42,0,1,845
1350,SMB,8978.29,0,4,278
1196,SMB,8010.8,0,4,237
2000,Startup,1797.36,0,5,383
1835,Startup,2044.67,0,0,508
1737,Startup,1804.75,0,3,317
1264,SMB,9999.32,0,2,342
1444,SMB,8044.77,0,1,239
1676,Startup,1623.47,0,4,428
1305,SMB,7281.7,0,3,293
1342,SMB,5825.68,0,3,287
1967,Startup,2025.04,0,1,417
1150,SMB,8651.07,0,3,243
1125,SMB,7764.14,0,2,392
1787,Startup,1983.44,0,2,317
1051,SMB,6768.27,0,0,284
1354,SMB,8061.57,0,2,287
1928,Startup,2349.38,0,4,383
1143,SMB,8768.73,0,1,310
1471,Startup,2106.8,0,1,433
1400,SMB,8314.2,0,1,311
1626,Startup,2315.57,0,1,348
1321,SMB,7551.97,0,4,314
1020,Enterprise,128815.44,0,0,887
1810,Startup,1434.56,0,4,398
1791,Startup,2622.69,0,2,388
1809,Startup,1749.17,1,3,324
1408,SMB,7784.31,0,1,260
1538,Startup,2192.16,0,1,328
1621,Startup,1481.03,0,3,327
1039,Enterprise,130077.21,0,0,751
1176,SMB,7805.75,0,0,323
1246,SMB,9583.03,0,3,224
1829,Startup,2140.01,0,2,300
1668,Startup,2310.75,0,0,206
1755,Startup,2226.22,0,0,391
1859,Startup,1676.58,1,1,437
1155,SMB,8259.92,0,3,287
1288,SMB,7309.6,0,1,225
1603,Startup,2128.64,0,1,407
1570,Startup,1616.97,0,2,311
1744,Startup,1909.55,1,2,388
1018,Enterprise,154713.71,0,0,771
1128,SMB,10381.64,0,1,231
1323,SMB,6566.29,0,5,260
1256,SMB,8675.81,0,2,261
1658,Startup,2241.77,0,2,386
1965,Startup,1821.83,0,4,291
1191,SMB,9846.98,0,4,297
1116,SMB,7087.87,0,5,263
1617,Startup,1800.11,0,2,406
1607,Startup,1731.33,0,0,305
1181,SMB,9795.16,1,1,217
1302,SMB,8312.97,0,5,328
1760,Startup,1950.13,0,1,357
1713,Startup,1957.46,0,1,329
1724,Startup,1938.27,0,1,303
1686,Startup,2087.26,0,3,202
1980,Startup,2102.29,0,3,352
1518,Startup,2147.46,0,2,382
1985,Startup,1810.93,0,1,335
1046,Enterprise,139202.34,0,0,805
1910,Startup,2305.45,1,4,352
1158,SMB,8206.69,0,3,293
1852,Startup,2308.6,0,3,356
1172,SMB,8839.75,0,1,248
1017,Enterprise,134807.53,0,1,605
1512,Startup,2227.86,0,1,459
1049,Enterprise,155154.27,0,0,824
1972,Startup,2009.32,0,3,376
1941,Startup,2392.4,0,3,315
1516,Startup,1980.08,0,5,297
1953,Startup,1325.56,0,1,304
1481,Startup,1703.65,1,0,263
1284,SMB,6900.64,0,1,285
1719,Startup,1803.14,0,2,313
1878,Startup,1906.27,0,1,403
1226,SMB,8824.9,0,4,317
1027,Enterprise,132735.1,0,0,546
1955,Startup,1901.65,0,0,394
1438,SMB,7924.23,0,6,244
1952,Startup,1691.43,0,2,305
1365,SMB,9005.1,0,3,245
1230,SMB,8805.74,0,2,288
1038,Enterprise,120604.95,0,0,745
1966,Startup,1968.13,0,2,371
1375,SMB,8166.42,1,5,303
1470,Startup,1964.64,0,5,240
1968,Startup,1844.01,0,1,339
1851,Startup,1440.34,0,0,387
1705,Startup,1795.28,1,3,397
1842,Startup,2135.2,0,0,338
1195,SMB,8764.25,0,1,234
1855,Startup,1350.71,0,2,345
1865,Startup,1833.33,0,0,376
1504,Startup,1817.13,0,3,376
1970,Startup,1975.54,0,1,429
1831,Startup,2053.17,0,2,375
1580,Startup,2545.98,0,3,330
1969,Startup,1892.37,0,3,432
1163,SMB,10573.32,0,1,368
1909,Startup,2045.93,0,3,367
1153,SMB,8293.67,0,1,330
1802,Startup,1533.92,0,3,346
1994,Startup,1816.99,1,1,320
1756,Startup,1664.52,0,5,353
1112,SMB,6898.15,0,4,277
1227,SMB,9772.38,1,4,262
1689,Startup,2132.6,0,3,251
1104,SMB,8586.11,0,3,276
1422,SMB,7881.68,0,1,264
1420,SMB,8132.94,0,3,338
1751,Startup,2428.74,0,1,306
1587,Startup,1705.92,0,1,371
1781,Startup,1753.95,0,3,295
1673,Startup,1852.53,1,3,312
1120,SMB,8015.06,0,4,281
1054,SMB,7552.57,0,2,328
1152,SMB,6340.91,0,2,285
1404,SMB,7083.45,1,3,257
1946,Startup,1899.09,0,2,359
1208,SMB,8159.53,0,1,254
1659,Startup,2367.16,0,4,397
1844,Startup,1956.18,0,6,374
1763,Startup,1789.18,0,2,382
1009,Enterprise,142957.88,0,2,783
1808,Startup,1852.17,0,1,429
1037,Enterprise,153132.95,0,0,646
1453,Startup,2386.82,0,0,312
1652,Startup,1303.41,0,3,410
1254,SMB,8260.53,0,3,311
1304,SMB,8277.18,0,3,252
1747,Startup,1755.62,0,2,387
1572,Startup,2323.3,0,3,418
1624,Startup,1861.16,0,1,328
1733,Startup,2723.01,0,1,439
1892,Startup,2343.15,0,2,364
1263,SMB,9330.44,1,2,289
1611,Startup,2357.75,0,4,302
1298,SMB,7961.51,0,4,285
1415,SMB,7774.99,0,3,243
1151,SMB,6830.23,0,3,340
1789,Startup,1505.29,0,2,286
1641,Startup,2070.93,0,3,326
1890,Startup,1810.91,0,3,324
1551,Startup,1593.79,1,3,308
1887,Startup,2053.95,0,3,334
1489,Startup,1588.29,0,1,341
1148,SMB,7215.49,1,5,300
1147,SMB,8400.22,0,1,325
1721,Startup,1979.13,0,1,395
1932,Startup,1858.02,0,3,434
1740,Startup,1846.36,0,1,333
1660,Startup,2041.05,0,2,314
1349,SMB,8143.22,0,2,320
1464,Startup,2017.19,0,0,225
1326,SMB,9166.5,0,2,282
1187,SMB,7569.21,1,2,274
1124,SMB,9045.31,0,3,199
1854,Startup,2130.02,0,4,321
1609,Startup,2086.6,0,4,330
1144,SMB,7219.66,0,2,243
1959,Startup,1747.86,0,1,374
1198,SMB,6315.13,0,3,287
1610,Startup,2022.43,0,1,395
1280,SMB,7504.61,0,0,345
1294,SMB,7752.63,0,2,360
1401,SMB,7575.78,0,3,234
1123,SMB,7496.76,1,1,276
1184,SMB,8831.82,1,3,259
1203,SMB,8626.62,0,4,239
1439,SMB,7692.21,0,3,255
1247,SMB,8970.08,0,1,348
1416,SMB,9207.59,0,3,236
1933,Startup,2705.06,0,1,313
1766,Startup,2058.75,0,2,357
1907,Startup,1640.04,0,1,407
1836,Startup,1796.17,0,1,343
1888,Startup,2146.22,0,0,319
1130,SMB,7712.86,0,2,308
1638,Startup,1954.97,0,2,409
1403,SMB,8911.38,0,5,350
1785,Startup,1671.38,0,4,375
1771,Startup,2099.4,0,1,414
1736,Startup,2266.02,0,1,395
1914,Startup,1923.22,0,1,287
1220,SMB,8458.71,0,3,230
1642,Startup,1681.09,0,1,370
1916,Startup,2428.84,0,1,269
1753,Startup,2097.5,0,3,395
1807,Startup,1849.32,0,3,279
1920,Startup,2105.28,0,2,331
1625,Startup,1816.19,0,2,319
1875,Startup,1991.95,0,1,356
1761,Startup,2460.16,1,2,327
1387,SMB,6955.51,1,0,256
1973,Startup,1797.0,0,2,391
1510,Startup,2161.15,0,0,395
1268,SMB,7319.74,0,2,272
1820,Startup,1697.4,0,0,403
1442,SMB,9010.14,0,3,270
1497,Startup,2277.98,0,6,312
1113,SMB,9611.79,0,3,293
1692,Startup,1942.75,1,0,366
1233,SMB,6139.09,0,3,296
1870,Startup,1329.1,0,2,344
1608,Startup,2298.8,0,1,379
1672,Startup,1410.71,0,0,453
1374,SMB,8472.4,1,4,215
1982,Startup,2280.33,0,4,241
1843,Startup,1870.79,0,1,353
1234,SMB,8996.94,0,5,286
1786,Startup,2089.52,0,4,411
1677,Startup,1894.64,1,3,323
1318,SMB,6388.04,0,1,293
1649,Startup,1434.27,0,2,382
1411,SMB,7581.3,0,2,339
1899,Startup,1679.21,0,4,329
1710,Startup,2112.57,0,2,316
1359,SMB,8688.84,0,1,171
1259,SMB,11174.44,0,4,383
1745,Startup,2074.75,0,2,349
1628,Startup,1771.64,0,4,458
1633,Startup,1886.18,0,1,359
1283,SMB,6765.06,0,4,247
1377,SMB,7980.11,0,1,327
1385,SMB,8617.39,1,1,254
1225,SMB,9709.29,0,2,299
1954,Startup,2378.4,0,2,339
1815,Startup,2234.1,0,5,306
1473,Startup,2162.42,0,3,427
1348,SMB,6119.31,1,2,287
1506,Startup,2210.36,0,0,375
1640,Startup,2084.66,0,5,301
1988,Startup,1919.3,1,0,426
1929,Startup,2219.67,0,2,323
1906,Startup,1895.12,0,0,486
1620,Startup,1788.54,0,2,360
1856,Startup,1901.42,0,1,273
1804,Startup,2178.18,0,1,338
1646,Startup,2234.41,0,0,368
1847,Startup,1543.84,0,1,386
1557,Startup,1558.76,0,3,397
1958,Startup,1857.2,0,2,297
1578,Startup,2112.05,0,1,401
1796,Startup,2050.0,0,0,344
1086,SMB,8525.21,0,1,303
1243,SMB,7987.26,0,1,333
1699,Startup,2034.85,0,2,272
1160,SMB,5889.3,1,3,250
1525,Startup,1859.26,0,2,405
1036,Enterprise,131687.35,0,1,757
1541,Startup,2400.47,0,2,381
1171,SMB,8226.0,0,3,298
1655,Startup,2338.84,0,1,301
1891,Startup,1344.41,0,2,316
1858,Startup,1844.42,0,1,395
1848,Startup,1929.83,0,3,254
1945,Startup,2022.03,0,1,302
1734,Startup,2066.45,0,0,322
1096,SMB,9961.3,0,3,252
1564,Startup,1804.07,0,3,309
1241,SMB,7118.12,0,2,238
1743,Startup,1534.06,0,1,411
1575,Startup,2121.23,0,5,423
1691,Startup,2114.11,0,2,403
1461,Startup,2225.34,0,4,323
1554,Startup,2047.75,0,2,382
1889,Startup,1935.06,0,2,432
1207,SMB,7786.79,0,1,303
1393,SMB,9346.75,0,1,276
1795,Startup,2259.56,0,1,446
1398,SMB,5421.78,0,2,347
1767,Startup,2208.51,0,1,488
1849,Startup,1575.07,0,1,249
1218,SMB,8637.97,0,2,324
1005,Enterprise,146487.7,0,2,805
1769,Startup,1648.32,0,0,399
1643,Startup,1650.3,0,1,389
1930,Startup,1935.98,0,1,412
1613,Startup,1945.27,0,2,311
1739,Startup,2016.9,0,6,282
1547,Startup,2490.18,0,1,316
1726,Startup,1635.82,0,1,308
1684,Startup,2120.63,0,3,405
1099,SMB,9905.91,0,1,324
1805,Startup,1668.68,0,2,331
1728,Startup,1579.7,0,1,419
1574,Startup,2260.29,0,3,472
1407,SMB,10760.76,0,0,318
1503,Startup,1754.78,0,0,422
1048,Enterprise,165856.83,0,0,631
1033,Enterprise,149797.54,0,0,776
1780,Startup,1760.2,0,1,361
1840,Startup,2174.67,0,2,350
1201,SMB,9997.01,0,0,232
1135,SMB,9964.25,0,3,343
1028,Enterprise,155635.47,0,3,739
1881,Startup,2517.04,0,2,406
1231,SMB,5673.65,0,3,252
1490,Startup,2009.31,0,2,387
1773,Startup,1711.19,0,2,361
1379,SMB,7935.71,0,6,256
1289,SMB,8616.22,0,2,229
1419,SMB,8541.0,0,3,221
1675,Startup,2078.59,0,3,379
1392,SMB,8539.57,0,2,267
1593,Startup,2045.33,1,1,261
1499,Startup,2029.49,0,1,385
1139,SMB,8178.13,0,5,237
1063,SMB,8342.46,0,1,212
1472,Startup,2065.4,0,3,301
1648,Startup,1992.6,0,1,429
1129,SMB,8786.03,1,2,270
1977,Startup,2103.32,0,1,335
1521,Startup,1629.4,0,5,377
1839,Startup,1476.7,0,1,247
1963,Startup,1887.9,0,0,404
1065,SMB,8319.54,1,0,278
1813,Startup,1981.2,0,2,396
1015,Enterprise,124126.23,0,2,552
1157,SMB,6439.49,0,3,253
1041,Enterprise,161077.0,0,1,921
1493,Startup,2346.77,0,0,389
1380,SMB,6657.29,0,0,333
1188,SMB,8494.57,0,7,325
1764,Startup,1638.59,0,0,379
1217,SMB,8762.85,1,3,288
1792,Startup,1888.32,0,4,386
1053,SMB,9399.6,0,4,291
1879,Startup,2048.17,0,1,409
1338,SMB,8921.63,0,3,249
1749,Startup,2366.37,0,0,366
1720,Startup,1780.13,0,2,361
1725,Startup,1986.58,0,1,404
1296,SMB,8807.42,0,1,313
1702,Startup,2140.49,1,2,393
1252,SMB,9840.94,0,3,334
1727,Startup,2581.76,0,3,397
1462,Startup,2187.22,0,1,356
1456,Startup,2633.04,0,0,405
1997,Startup,1996.72,0,2,320
1816,Startup,1512.56,0,1,373
1863,Startup,2370.15,0,2,395
1270,SMB,7394.94,0,4,314
1202,SMB,9983.99,0,5,266
1162,SMB,6692.34,0,5,232
1556,Startup,2168.14,0,2,380
1730,Startup,1890.4,0,1,373
1402,SMB,7353.79,0,3,309
1703,Startup,2156.0,0,1,362
1477,Startup,2559.39,0,1,378
1822,Startup,2214.55,0,2,307
1772,Startup,2160.02,0,1,387
1106,SMB,9205.92,0,5,291
1566,Startup,2351.34,0,2,310
1390,SMB,8622.8,0,3,218
1002,Enterprise,147926.04,0,1,593
1938,Startup,1974.32,0,0,446
1983,Startup,1927.48,0,1,442
1562,Startup,2479.21,0,4,417
1081,SMB,7436.74,0,4,307
1206,SMB,7395.59,0,3,271
1035,Enterprise,162338.17,0,2,747
1776,Startup,2311.51,0,1,188
1509,Startup,2313.35,0,4,276
1428,SMB,7719.38,0,2,259
1455,Startup,1937.31,0,2,353
1367,SMB,7670.67,0,3,244
1092,SMB,10052.45,0,2,286
1340,SMB,8951.51,1,3,332
1898,Startup,1913.36,0,2,331
1565,Startup,2356.85,0,0,350
1346,SMB,8149.01,0,4,224
1777,Startup,1673.5,0,2,371
1242,SMB,8512.6,0,1,277
1014,Enterprise,121300.8,0,1,665
1316,SMB,7089.44,0,2,336
1601,Startup,2099.58,0,3,435
1388,SMB,7777.61,0,4,218
1274,SMB,7063.49,0,0,298
1167,SMB,9479.43,0,1,296
1841,Startup,1980.21,0,1,345
1993,Startup,1404.36,0,0,364
1647,Startup,1746.01,0,1,345
1819,Startup,2036.85,0,2,415
1485,Startup,1772.57,0,0,330
1981,Startup,1694.15,0,3,419
1505,Startup,1696.01,0,3,428
1832,Startup,1726.38,0,2,375
1244,SMB,9054.4,0,4,306
1567,Startup,2167.49,1,5,337
1876,Startup,1845.85,0,3,373
1563,Startup,1980.16,0,1,328
1687,Startup,1727.4,0,2,388
1190,SMB,7185.22,0,4,334
1783,Startup,1859.47,0,3,303
1700,Startup,1746.53,0,2,347
1476,Startup,2093.18,0,3,298
1682,Startup,2259.14,0,1,330
1511,Startup,2213.79,0,2,424
1059,SMB,9153.53,0,4,275
1475,Startup,2235.24,0,4,311
1561,Startup,2207.54,0,4,295
1857,Startup,2346.07,0,3,320
1748,Startup,1836.12,0,3,428
1253,SMB,7593.73,0,1,307
1022,Enterprise,146613.36,0,2,685
1314,SMB,9129.65,0,1,213
1460,Startup,2124.39,0,1,407
1161,SMB,9343.1,0,3,320
1277,SMB,7397.35,0,0,275
1956,Startup,1898.45,0,1,410
1192,SMB,8265.96,0,3,373
1386,SMB,6799.83,1,2,311
1806,Startup,2277.19,0,1,375
1414,SMB,7881.6,0,3,288
1492,Startup,1856.2,0,0,372
1344,SMB,7375.97,0,0,345
1770,Startup,2344.06,0,1,366
1309,SMB,8445.4,0,1,287
1662,Startup,1850.18,0,2,250
1131,SMB,7625.34,0,2,302
1664,Startup,1977.58,0,1,332
1872,Startup,1943.96,0,3,350
1100,SMB,8227.6,0,2,253
1373,SMB,7633.03,0,2,269
1088,SMB,8802.65,0,2,283
1459,Startup,2418.98,0,2,389
1331,SMB,7436.23,0,1,250
1215,SMB,8579.3,0,2,287
1467,Startup,1783.81,0,2,374
1122,SMB,8504.11,0,3,348
1615,Startup,2102.92,0,4,402
1021,Enterprise,171984.73,0,1,635
1701,Startup,2120.47,0,3,346
1072,SMB,7350.75,0,1,228
1107,SMB,8375.59,0,0,290
1271,SMB,8761.92,0,2,243
1861,Startup,1979.52,0,2,400
1436,SMB,9601.24,0,1,285
1103,SMB,8460.74,0,5,283
